time_s,motion_fraction,adjacent_change_fraction
0.0,0.0,0.0
0.040016006402561026,0.006781684027777778,0.0
0.08003201280512205,0.006935402199074074,0.0
0.12004801920768308,0.006965543016975309,0.0
0.1600640256102441,0.0068841628086419755,0.0
0.20008003201280514,0.006790726273148148,4.219714506172839e-05
0.24009603841536617,0.006799768518518518,1.2056327160493826e-05
0.2801120448179272,0.006959514853395062,0.0
0.3201280512204882,0.006935402199074074,0.0
0.36014405762304924,0.006429036458333333,0.0
0.4001600640256103,0.006332585841049383,1.2056327160493826e-05
0.4401760704281713,0.006103515625,1.2056327160493826e-05
0.48019207683073234,0.005991994598765432,0.0
0.5202080832332934,0.005796079282407407,3.0140817901234566e-06
0.5602240896358543,0.00569360050154321,0.0
0.6002400960384154,0.005708670910493827,0.0
0.6402561024409764,0.005777994791666667,0.0
0.6802721088435375,0.005563994984567901,0.0
0.7202881152460985,0.005696614583333333,0.0
0.7603041216486595,0.0056212625385802465,0.0
0.8003201280512205,0.0058654031635802465,0.0
0.8403361344537815,0.005868417245370371,0.0
0.8803521408563426,0.005901572145061728,0.0
0.9203681472589036,0.005913628472222222,0.0
0.9603841536614647,0.005678530092592593,0.0
1.0004001600640258,0.005808135609567901,0.0
1.0404161664665867,0.005916642554012345,0.0
1.0804321728691477,0.005805121527777778,0.0
1.1204481792717087,0.005624276620370371,0.0
1.1604641856742697,0.005612220293209877,0.0
1.2004801920768309,0.004518108603395062,0.0004912953317901235
1.2404961984793919,0.0042257426697530865,0.0
1.2805122048819528,0.004105179398148148,6.028163580246913e-06
1.3205282112845138,0.00406298225308642,6.028163580246913e-06
1.360544217687075,0.0039816020447530865,4.219714506172839e-05
1.400560224089636,0.004065996334876543,4.8225308641975306e-05
1.440576230492197,0.003839940200617284,0.0
1.480592236894758,0.0036982783564814816,0.0
1.520608243297319,0.0036199122299382714,4.8225308641975306e-05
1.5606242496998801,0.0034601658950617286,3.0140817901234566e-06
1.600640256102441,0.0035988136574074073,0.0
1.640656262505002,0.003439067322530864,6.028163580246913e-06
1.680672268907563,0.003463179976851852,0.0
1.7206882753101242,0.0032702787422839506,3.0140817901234566e-06
1.7607042817126852,0.003173828125,3.315489969135802e-05
1.8007202881152462,0.0030562789351851853,1.2056327160493826e-05
1.8407362945178072,0.0027428144290123457,3.315489969135802e-05
1.8807523009203682,0.002685546875,2.4112654320987653e-05
1.9207683073229294,0.00260718074845679,6.028163580246913e-06
1.9607843137254903,0.0022334346064814816,1.5070408950617283e-05
2.0008003201280515,0.0018657166280864198,9.04224537037037e-06
2.0408163265306123,0.0017873505015432098,1.5070408950617283e-05
2.0808323329331735,0.0016215760030864198,0.0
2.1208483393357342,0.0015281394675925927,1.2056327160493826e-05
2.1608643457382954,0.0015070408950617284,0.0
2.2008803521408566,0.0014347029320987655,0.0
2.2408963585434174,0.00146484375,9.04224537037037e-06
2.2809123649459786,0.001458815586419753,2.712673611111111e-05
2.3209283713485394,0.0014467592592592592,1.5070408950617283e-05
2.3609443777511006,0.0014949845679012345,3.0140817901234566e-06
2.4009603841536618,0.0015070408950617284,3.0140817901234566e-06
2.4409763905562225,0.0015070408950617284,2.4112654320987653e-05
2.4809923969587837,0.0015492380401234567,1.5070408950617283e-05
2.521008403361345,0.0014738859953703704,2.1098572530864196e-05
2.5610244097639057,0.001458815586419753,6.028163580246913e-06
2.601040416166467,0.001591435185185185,0.0
2.6410564225690276,0.0016004774305555555,0.0
2.681072428971589,0.0016215760030864198,1.808449074074074e-05
2.72108843537415,0.0016517168209876543,0.0
2.7611044417767108,0.0018777729552469137,5.123939043209876e-05
2.801120448179272,0.0020043643904320988,6.630979938271605e-05
2.8411364545818327,0.0020405333719135804,8.439429012345679e-05
2.881152460984394,0.002097800925925926,4.8225308641975306e-05
2.921168467386955,0.0023268711419753086,4.8225308641975306e-05
2.961184473789516,0.0023118007330246914,1.808449074074074e-05
3.001200480192077,0.0023720823688271604,3.9183063271604936e-05
3.041216486594638,0.002453462577160494,6.329571759259259e-05
3.081232492997199,0.002459490740740741,9.343653549382716e-05
3.1212484993997602,0.002495659722222222,0.00012357735339506174
3.161264505802321,0.0025529272762345677,0.00011754918981481481
3.201280512204882,0.002513744212962963,0.00010549286265432098
3.2412965186074434,0.00244140625,8.439429012345679e-05
3.281312525010004,0.0023931809413580245,9.946469907407407e-05
3.3213285314125653,0.0020857445987654323,9.343653549382716e-05
3.361344537815126,0.001971209490740741,4.8225308641975306e-05
3.4013605442176873,0.0019772376543209878,0.0
3.4413765506202485,0.0018627025462962963,0.0
3.4813925570228093,0.0020375192901234567,3.0140817901234566e-06
3.5214085634253705,0.002025462962962963,9.04224537037037e-06
3.561424569827931,0.0018898292824074073,3.0140817901234566e-06
3.6014405762304924,0.0019380545910493826,6.028163580246913e-06
3.6414565826330536,0.0020043643904320988,0.0
3.6814725890356144,0.00203149112654321,0.0
3.7214885954381756,0.0020164207175925927,0.0
3.7615046018407363,0.002179181134259259,0.0
3.8015206082432975,0.002215350115740741,0.0
3.8415366146458587,0.002230420524691358,3.0140817901234566e-06
3.8815526210484195,0.0022545331790123457,0.0
3.9215686274509807,0.0023841386959876543,0.0
3.961584633853542,0.0024836033950617286,9.04224537037037e-06
4.001600640256103,0.002480589313271605,0.0
4.041616646658664,0.0025348427854938274,1.2056327160493826e-05
4.081632653061225,0.0028422791280864196,1.2056327160493826e-05
4.121648659463785,0.0028874903549382714,3.0140817901234566e-06
4.161664665866347,0.003167799961419753,3.0140817901234566e-06
4.201680672268908,0.0032612364969135804,0.0
4.2416966786714685,0.0033215181327160494,0.0
4.28171268507403,0.0032853491512345677,0.0
4.321728691476591,0.0033034336419753086,0.0
4.361744697879152,0.0032491801697530865,1.2056327160493826e-05
4.401760704281713,0.003155743634259259,1.808449074074074e-05
4.441776710684274,0.0028452932098765433,6.028163580246913e-06
4.481792717086835,0.0028091242283950616,3.0140817901234566e-06
4.521808723489396,0.0026343074845679012,0.0
4.561824729891957,0.002580054012345679,0.0
4.601840736294518,0.0026282793209876543,0.0
4.641856742697079,0.0025047019675925927,0.0
4.68187274909964,0.0023389274691358024,9.04224537037037e-06
4.721888755502201,0.002453462577160494,1.808449074074074e-05
4.761904761904762,0.002435378086419753,2.712673611111111e-05
4.8019207683073235,0.0024926456404320988,6.028163580246913e-06
4.841936774709884,0.002631293402777778,3.0140817901234566e-05
4.881952781112445,0.0025770399305555555,3.616898148148148e-05
4.921968787515007,0.0027970679012345677,6.93238811728395e-05
4.961984793917567,0.0028030960648148147,6.329571759259259e-05
5.002000800320128,0.0027488425925925927,5.425347222222222e-05
5.04201680672269,0.002664448302469136,5.425347222222222e-05
5.082032813125251,0.0026433497299382714,2.1098572530864196e-05
5.122048819527811,0.0025951244212962963,1.5070408950617283e-05
5.162064825930372,0.0025740258487654323,3.616898148148148e-05
5.202080832332934,0.0025830680941358024,3.9183063271604936e-05
5.2420968387354945,0.002613208912037037,7.836612654320987e-05
5.282112845138055,0.0027156876929012347,0.00017180266203703704
5.322128851540617,0.0025981385030864196,0.00016276041666666666
5.362144857943178,0.002369068287037037,0.000138647762345679
5.402160864345738,0.0023931809413580245,7.836612654320987e-05
5.4421768707483,0.0023600260416666665,8.740837191358024e-05
5.482192877150861,0.002486617476851852,0.00012357735339506174
5.5222088835534215,0.0025589554398148147,6.329571759259259e-05
5.562224889955982,0.0023570119598765433,0.0
5.602240896358544,0.0023118007330246914,2.1098572530864196e-05
5.642256902761105,0.002218364197530864,1.5070408950617283e-05
5.6822729091636655,0.00211889949845679,1.5070408950617283e-05
5.722288915566227,0.0020345052083333335,0.0
5.762304921968788,0.0021128713348765433,9.04224537037037e-06
5.802320928371349,0.0020646460262345677,3.315489969135802e-05
5.84233693477391,0.0020013503086419755,0.0
5.882352941176471,0.0020465615354938274,3.0140817901234566e-06
5.922368947579032,0.0020405333719135804,3.0140817901234566e-06
5.962384953981593,0.00196216724537037,2.4112654320987653e-05
6.002400960384154,0.002019434799382716,1.808449074074074e-05
6.042416966786715,0.0020827305169753086,3.315489969135802e-05
6.082432973189276,0.0018868152006172839,3.315489969135802e-05
6.122448979591837,0.0019079137731481482,1.5070408950617283e-05
6.162464985994398,0.0019109278549382716,3.0140817901234566e-05
6.202480992396959,0.001814477237654321,9.04224537037037e-06
6.2424969987995205,0.0017752941743827161,1.808449074074074e-05
6.282513005202081,0.0017873505015432098,0.0
6.322529011604642,0.001742139274691358,2.712673611111111e-05
6.362545018007204,0.0017300829475308643,1.5070408950617283e-05
6.402561024409764,0.0017511815200617284,0.0
6.442577030812325,0.001736111111111111,9.04224537037037e-06
6.482593037214887,0.0017511815200617284,6.028163580246913e-06
6.5226090436174475,0.0017240547839506174,3.0140817901234566e-05
6.562625050020008,0.0016276041666666667,0.0
6.602641056422569,0.0017059702932098765,0.0
6.642657062825131,0.001669801311728395,0.0
6.682673069227691,0.001609519675925926,0.0
6.722689075630252,0.0015281394675925927,3.0140817901234566e-06
6.762705082032814,0.0014799141589506174,1.5070408950617283e-05
6.802721088435375,0.0013623649691358024,6.028163580246913e-06
6.842737094837935,0.0014166184413580247,0.0
6.882753101240497,0.0016245900848765433,1.5070408950617283e-05
6.922769107643058,0.001669801311728395,1.2056327160493826e-05
6.9627851140456185,0.0017391251929012345,2.4112654320987653e-05
7.00280112044818,0.0017692660108024692,4.521122685185185e-05
7.042817126850741,0.0017330970293209878,4.521122685185185e-05
7.082833133253302,0.001708984375,5.425347222222222e-05
7.122849139655862,0.0016667872299382716,2.4112654320987653e-05
7.162865146058424,0.001669801311728395,2.4112654320987653e-05
7.202881152460985,0.0016939139660493826,9.04224537037037e-06
7.242897158863546,0.0015130690586419753,9.04224537037037e-06
7.282913165266107,0.0014166184413580247,1.808449074074074e-05
7.322929171668668,0.0013804494598765433,9.04224537037037e-06
7.362945178071229,0.0012116608796296296,0.0
7.40296118447379,0.0012357735339506174,0.0
7.442977190876351,0.001214674961419753,0.0
7.482993197278912,0.0012357735339506174,0.0
7.523009203681473,0.0014738859953703704,4.8225308641975306e-05
7.563025210084034,0.001425660686728395,3.0140817901234566e-05
7.603041216486595,0.0016969280478395061,2.712673611111111e-05
7.643057222889156,0.0017572096836419753,6.329571759259259e-05
7.683073229291717,0.0018868152006172839,2.1098572530864196e-05
7.723089235694278,0.002212336033950617,4.219714506172839e-05
7.763105242096839,0.002302758487654321,1.808449074074074e-05
7.803121248499401,0.0023720823688271604,2.712673611111111e-05
7.843137254901961,0.002402223186728395,1.5070408950617283e-05
7.883153261304522,0.002396195023148148,9.04224537037037e-06
7.923169267707084,0.0025227864583333335,0.0
7.9631852741096445,0.0025529272762345677,0.0
8.003201280512206,0.0025499131944444445,0.0
8.043217286914766,0.0023660542052469135,1.2056327160493826e-05
8.083233293317328,0.002335913387345679,2.4112654320987653e-05
8.12324929971989,0.002486617476851852,5.425347222222222e-05
8.16326530612245,0.002462504822530864,2.712673611111111e-05
8.20328131252501,0.002459490740740741,2.4112654320987653e-05
8.24329731892757,0.002462504822530864,0.0
8.283313325330132,0.0024052372685185184,0.0
8.323329331732694,0.00244140625,3.315489969135802e-05
8.363345338135254,0.002435378086419753,3.9183063271604936e-05
8.403361344537815,0.00251977237654321,6.028163580246913e-06
8.443377350940377,0.002664448302469136,0.0
8.483393357342937,0.002700617283950617,0.0
8.523409363745499,0.002703631365740741,0.0
8.56342537014806,0.0027367862654320988,3.0140817901234566e-06
8.60344137655062,0.002751856674382716,3.0140817901234566e-06
8.643457382953182,0.002739800347222222,3.9183063271604936e-05
8.683473389355743,0.0028121383101851853,5.7267554012345676e-05
8.723489395758303,0.0028935185185185184,2.4112654320987653e-05
8.763505402160865,0.002914617091049383,1.2056327160493826e-05
8.803521408563427,0.0030321662808641976,3.0140817901234566e-06
8.843537414965986,0.0031376591435185184,5.425347222222222e-05
8.883553421368548,0.0032039689429012347,6.329571759259259e-05
8.92356942777111,0.0032431520061728396,2.4112654320987653e-05
8.96358543417367,0.0032220534336419755,0.0
9.003601440576231,0.003219039351851852,0.0
9.043617446978793,0.0032943913966049384,0.0
9.083633453381353,0.0032642505787037037,0.0
9.123649459783914,0.0033215181327160494,3.9183063271604936e-05
9.163665466186476,0.0033064477237654323,1.5070408950617283e-05
9.203681472589036,0.003068335262345679,4.219714506172839e-05
9.243697478991598,0.0031225887345679012,0.00013563368055555556
9.283713485394157,0.003167799961419753,0.00017783082561728395
9.323729491796719,0.002968870563271605,6.93238811728395e-05
9.36374549819928,0.0030201099537037037,0.00012960551697530865
9.40376150460184,0.002875434027777778,9.04224537037037e-05
9.443777511004402,0.002995997299382716,6.630979938271605e-05
9.483793517406964,0.0030472366898148147,1.2056327160493826e-05
9.523809523809524,0.00292064525462963,6.028163580246913e-06
9.563825530212085,0.0029718846450617286,0.0
9.603841536614647,0.0030170958719135804,0.00010549286265432098
9.643857543017207,0.0030713493441358024,9.343653549382716e-05
9.683873549419769,0.003234109760802469,0.00010247878086419753
9.72388955582233,0.003185884452160494,0.00010247878086419753
9.76390556222489,0.0032612364969135804,0.0001326195987654321
9.803921568627452,0.0032582224151234567,9.04224537037037e-05
9.843937575030013,0.0032099971064814816,9.946469907407407e-05
9.883953581432573,0.003155743634259259,9.343653549382716e-05
9.923969587835135,0.003191912615740741,0.00010850694444444444
9.963985594237696,0.003152729552469136,7.233796296296296e-05
10.004001600640256,0.0031436873070987653,2.712673611111111e-05
10.044017607042818,0.003240137924382716,0.0
10.08403361344538,0.0032913773148148147,9.04224537037037e-06
10.12404961984794,0.003463179976851852,3.616898148148148e-05
10.164065626250501,0.0035023630401234567,0.00010850694444444444
10.204081632653061,0.003312475887345679,0.00019290123456790122
10.244097639055623,0.0033546730324074073,0.00021098572530864196
10.284113645458184,0.003517433449074074,0.000244140625
10.324129651860744,0.00358374324845679,0.0002803096064814815
10.364145658263306,0.003647038966049383,0.0002652391975308642
10.404161664665867,0.0035807291666666665,0.00017481674382716048
10.444177671068427,0.004445770640432099,0.0007022810570987654
10.484193677470989,0.004240813078703704,0.00012056327160493826
10.52420968387355,0.004153404706790123,9.645061728395061e-05
10.56422569027611,0.004258897569444444,5.7267554012345676e-05
10.604241696678672,0.00465675636574074,0.0001115210262345679
10.644257703081234,0.004777319637345679,0.00010247878086419753
10.684273709483794,0.004759235146604938,0.00012056327160493826
10.724289715886355,0.004858699845679012,0.00013563368055555556
10.764305722288917,0.00486472800925926,0.0001326195987654321
10.804321728691477,0.005096812307098766,0.00015070408950617283
10.844337735094038,0.005151065779320988,0.00011453510802469135
10.8843537414966,0.0053499951774691355,0.00019290123456790122
10.92436974789916,0.005410276813271605,0.00012659143518518518
10.964385754301722,0.0053921923225308645,0.0001537181712962963
11.004401760704283,0.005521797839506173,0.00014166184413580247
11.044417767106843,0.005533854166666667,9.04224537037037e-05
11.084433773509405,0.005404248649691358,5.7267554012345676e-05
11.124449779911965,0.0053650655864197535,3.616898148148148e-05
11.164465786314526,0.005491657021604938,4.8225308641975306e-05
11.204481792717088,0.004831573109567901,0.0004973234953703704
11.244497799119648,0.004641685956790123,0.00025016878858024694
11.28451380552221,0.004665798611111111,0.00026222511574074077
11.324529811924771,0.004771291473765432,0.0003074363425925926
11.364545818327331,0.004765263310185185,0.0004249855324074074
11.404561824729893,0.004771291473765432,0.0005515769675925925
11.444577831132454,0.004711009837962963,0.0004943094135802469
11.484593837535014,0.004879798418209877,0.00033154899691358026
11.524609843937576,0.0048767843364197535,0.00034963348765432097
11.564625850340137,0.0047411506558641976,0.00031949266975308643
11.604641856742697,0.005096812307098766,0.00039484471450617286
11.644657863145259,0.004955150462962963,0.00021098572530864196
11.68467386954782,0.0049039110725308645,0.0002381124614197531
11.72468987595038,0.005045572916666667,0.00021098572530864196
11.764705882352942,0.005066671489197531,0.000244140625
11.804721888755504,0.0050244743441358024,0.0002561969521604938
11.844737895158064,0.00544945987654321,0.00039484471450617286
11.884753901560625,0.005476586612654321,0.0003616898148148148
11.924769907963187,0.005307798032407407,0.0004189573688271605
11.964785914365747,0.005452473958333333,0.0005063657407407407
12.004801920768308,0.0053650655864197535,0.0003767602237654321
12.04481792717087,0.005298755787037037,0.0004671826774691358
12.08483393357343,0.005000361689814815,0.00038278838734567903
12.124849939975991,0.005193262924382716,0.00028332368827160495
12.164865946378551,0.0051058545524691355,0.0002381124614197531
12.204881952781113,0.005678530092592593,0.00031045042438271607
12.244897959183675,0.005606192129629629,0.00034963348765432097
12.284913965586234,0.006037205825617284,0.00040087287808641974
12.324929971988796,0.006199966242283951,0.0005787037037037037
12.364945978391358,0.006187909915123457,0.000660083912037037
12.404961984793918,0.006224078896604938,0.0006118586033950617
12.44497799119648,0.006344642168209877,0.0006540557484567901
12.484993997599041,0.00642602237654321,0.0009494357638888889
12.5250100040016,0.006407937885802469,0.001009717399691358
12.565026010404162,0.006215036651234568,0.0008650414737654321
