kind,bbox_analysis,proposal_score,peak_frame,active_start_s,active_end_s,zone_id,bbox_normalized,bbox_source,stability,paint_proximity,floor_contact
movement,"[225, 353, 381, 432]",1445.2047619047617,346,0.04032258064516129,16.93548387096774,Z01,"[0.29297, 0.81713, 0.49609, 1.0]","[562, 882, 952, 1080]",,,
movement,"[625, 157, 671, 260]",286.40000000000003,8,0.04032258064516129,7.862903225806451,Z02,"[0.8138, 0.36343, 0.8737, 0.60185]","[1562, 392, 1678, 650]",,,
movement,"[0, 146, 152, 223]",229.28095238095239,387,0.04032258064516129,16.93548387096774,Z03,"[0.0, 0.33796, 0.19792, 0.5162]","[0, 365, 380, 558]",,,
movement,"[558, 112, 607, 177]",158.54761904761904,225,0.04032258064516129,16.93548387096774,Z04,"[0.72656, 0.25926, 0.79036, 0.40972]","[1395, 280, 1518, 442]",,,
movement,"[165, 147, 189, 176]",39.52142857142857,261,0.282258064516129,16.612903225806452,Z05,"[0.21484, 0.34028, 0.24609, 0.40741]","[412, 368, 472, 440]",,,
possible_obstruction,"[203, 124, 352, 421]",0.08792742370377367,0,0.0,16.93548387096774,Z06,"[0.26432, 0.28704, 0.45833, 0.97454]","[508, 310, 880, 1052]",1.0,0.24329864396089562,0.5
possible_obstruction,"[184, 96, 305, 211]",0.07062545913878407,0,0.0,16.93548387096774,Z07,"[0.23958, 0.22222, 0.39714, 0.48843]","[460, 240, 762, 528]",0.999774818401937,0.21491525423728813,0.5
possible_obstruction,"[665, 264, 719, 345]",0.06866762184169746,0,0.0,16.93548387096774,Z08,"[0.86589, 0.61111, 0.9362, 0.79861]","[1662, 660, 1798, 862]",1.0,0.8555460017196904,0.5
possible_obstruction,"[37, 93, 172, 177]",0.06844463089311306,0,0.0,16.93548387096774,Z09,"[0.04818, 0.21528, 0.22396, 0.40972]","[92, 232, 430, 442]",0.9990487238979119,0.3112142304717711,0.5
possible_obstruction,"[259, 256, 374, 359]",0.05219459721897823,0,0.0,16.93548387096774,Z10,"[0.33724, 0.59259, 0.48698, 0.83102]","[648, 640, 935, 898]",0.9994411903319195,0.20662492425772572,0.5
